symbol,source_used,bars_count,start_date,end_date,error,validated,mismatch_flagged,rejected,mismatch_pct
NVDA,polygon,2533,2015-12-07,2026-01-02,,False,,,
SPY,polygon,2533,2015-12-07,2026-01-02,,False,,,
TSLA,polygon,2533,2015-12-07,2026-01-02,,False,,,
QQQ,polygon,2533,2015-12-07,2026-01-02,,False,,,
MSFT,polygon,2533,2015-12-07,2026-01-02,,False,,,
AAPL,polygon,2533,2015-12-07,2026-01-02,,False,,,
MSTR,polygon,2533,2015-12-07,2026-01-02,,False,,,
AMZN,polygon,2533,2015-12-07,2026-01-02,,False,,,
META,polygon,2533,2015-12-07,2026-01-02,,False,,,
AVGO,polygon,2533,2015-12-07,2026-01-02,,False,,,
PLTR,polygon,1321,2020-09-30,2026-01-02,,False,,,
IWM,polygon,2533,2015-12-07,2026-01-02,,False,,,
GOOGL,polygon,2533,2015-12-07,2026-01-02,,False,,,
AMD,polygon,2533,2015-12-07,2026-01-02,,False,,,
GOOG,polygon,2533,2015-12-07,2026-01-02,,False,,,
TLT,polygon,2533,2015-12-07,2026-01-02,,False,,,
TSM,polygon,2533,2015-12-07,2026-01-02,,False,,,
TQQQ,polygon,2533,2015-12-07,2026-01-02,,False,,,
LLY,polygon,2533,2015-12-07,2026-01-02,,False,,,
NFLX,polygon,2533,2015-12-07,2026-01-02,,False,,,
SMCI,polygon,2533,2015-12-07,2026-01-02,,False,,,
BA,polygon,2533,2015-12-07,2026-01-02,,False,,,
LQD,polygon,2533,2015-12-07,2026-01-02,,False,,,
HYG,polygon,2533,2015-12-07,2026-01-02,,False,,,
UNH,polygon,2533,2015-12-07,2026-01-02,,False,,,
SOXL,polygon,2533,2015-12-07,2026-01-02,,True,False,False,0.0
JPM,polygon,2533,2015-12-07,2026-01-02,,False,,,
CRM,polygon,2533,2015-12-07,2026-01-02,,True,False,False,0.0
XLF,polygon,2533,2015-12-07,2026-01-02,,False,,,
FXI,polygon,2533,2015-12-07,2026-01-02,,True,False,False,0.0
MU,polygon,2533,2015-12-07,2026-01-02,,False,,,
V,polygon,2533,2015-12-07,2026-01-02,,False,,,
BRK.B,polygon,2533,2015-12-07,2026-01-02,,True,False,False,0.0
COST,polygon,2533,2015-12-07,2026-01-02,,False,,,
ADBE,polygon,2533,2015-12-07,2026-01-02,,False,,,
GLD,polygon,2533,2015-12-07,2026-01-02,,False,,,
XOM,polygon,2533,2015-12-07,2026-01-02,,False,,,
BAC,polygon,2533,2015-12-07,2026-01-02,,False,,,
ASML,polygon,2533,2015-12-07,2026-01-02,,False,,,
MRVL,polygon,2533,2015-12-07,2026-01-02,,False,,,
WMT,polygon,2533,2015-12-07,2026-01-02,,False,,,
UBER,polygon,1672,2019-05-10,2026-01-02,,False,,,
DIA,polygon,2533,2015-12-07,2026-01-02,,False,,,
BABA,polygon,2533,2015-12-07,2026-01-02,,False,,,
INTC,polygon,2533,2015-12-07,2026-01-02,,False,,,
SMH,polygon,2533,2015-12-07,2026-01-02,,False,,,
NOW,polygon,2533,2015-12-07,2026-01-02,,False,,,
MA,polygon,2533,2015-12-07,2026-01-02,,False,,,
HD,polygon,2533,2015-12-07,2026-01-02,,False,,,
ORCL,polygon,2533,2015-12-07,2026-01-02,,False,,,
CRWD,polygon,1650,2019-06-12,2026-01-02,,False,,,
QCOM,polygon,2533,2015-12-07,2026-01-02,,False,,,
WFC,polygon,2533,2015-12-07,2026-01-02,,False,,,
GS,polygon,2533,2015-12-07,2026-01-02,,False,,,
PG,polygon,2533,2015-12-07,2026-01-02,,False,,,
PFE,polygon,2533,2015-12-07,2026-01-02,,False,,,
SPOT,polygon,1950,2018-04-03,2026-01-02,,False,,,
SQQQ,polygon,2533,2015-12-07,2026-01-02,,False,,,
CVX,polygon,2533,2015-12-07,2026-01-02,,False,,,
ABBV,polygon,2533,2015-12-07,2026-01-02,,False,,,
CSCO,polygon,2533,2015-12-07,2026-01-02,,False,,,
MRK,polygon,2533,2015-12-07,2026-01-02,,False,,,
XLE,polygon,2533,2015-12-07,2026-01-02,,False,,,
AMAT,polygon,2533,2015-12-07,2026-01-02,,False,,,
JNJ,polygon,2533,2015-12-07,2026-01-02,,False,,,
EEM,polygon,2533,2015-12-07,2026-01-02,,False,,,
DIS,polygon,2533,2015-12-07,2026-01-02,,False,,,
TXN,polygon,2533,2015-12-07,2026-01-02,,False,,,
MARA,polygon,2533,2015-12-07,2026-01-02,,False,,,
SNOW,polygon,1331,2020-09-16,2026-01-02,,False,,,
MCD,polygon,2533,2015-12-07,2026-01-02,,False,,,
KO,polygon,2533,2015-12-07,2026-01-02,,False,,,
PDD,polygon,1870,2018-07-26,2026-01-02,,False,,,
HON,polygon,2533,2015-12-07,2026-01-02,,False,,,
XLI,polygon,2533,2015-12-07,2026-01-02,,False,,,
XLV,polygon,2533,2015-12-07,2026-01-02,,False,,,
INTU,polygon,2533,2015-12-07,2026-01-02,,False,,,
C,polygon,2533,2015-12-07,2026-01-02,,False,,,
XLK,polygon,2533,2015-12-07,2026-01-02,,False,,,
IBM,polygon,2533,2015-12-07,2026-01-02,,False,,,
TMO,polygon,2533,2015-12-07,2026-01-02,,False,,,
PANW,polygon,2533,2015-12-07,2026-01-02,,False,,,
PEP,polygon,2533,2015-12-07,2026-01-02,,False,,,
APO,polygon,2533,2015-12-07,2026-01-02,,False,,,
VST,polygon,2324,2016-10-05,2026-01-02,,False,,,
LRCX,polygon,2533,2015-12-07,2026-01-02,,False,,,
DELL,polygon,2358,2016-08-17,2026-01-02,,False,,,
AGG,polygon,2533,2015-12-07,2026-01-02,,False,,,
WDAY,polygon,2533,2015-12-07,2026-01-02,,False,,,
KRE,polygon,2533,2015-12-07,2026-01-02,,True,False,False,0.0
ACN,polygon,2533,2015-12-07,2026-01-02,,False,,,
AMGN,polygon,2533,2015-12-07,2026-01-02,,False,,,
TGT,polygon,2533,2015-12-07,2026-01-02,,False,,,
ANET,polygon,2533,2015-12-07,2026-01-02,,False,,,
LIN,polygon,2533,2015-12-07,2026-01-02,,False,,,
MS,polygon,2533,2015-12-07,2026-01-02,,False,,,
NKE,polygon,2533,2015-12-07,2026-01-02,,True,False,False,0.0
SHOP,polygon,2533,2015-12-07,2026-01-02,,False,,,
GE,polygon,2533,2015-12-07,2026-01-02,,False,,,
TMUS,polygon,2533,2015-12-07,2026-01-02,,False,,,
LULU,polygon,2533,2015-12-07,2026-01-02,,False,,,
PYPL,polygon,2533,2015-12-07,2026-01-02,,False,,,
AXP,polygon,2533,2015-12-07,2026-01-02,,False,,,
T,polygon,2533,2015-12-07,2026-01-02,,True,False,False,0.0
XLU,polygon,2533,2015-12-07,2026-01-02,,False,,,
XBI,polygon,2533,2015-12-07,2026-01-02,,False,,,
CAT,polygon,2533,2015-12-07,2026-01-02,,False,,,
NEE,polygon,2533,2015-12-07,2026-01-02,,False,,,
QUBT,polygon,2533,2015-12-07,2026-01-02,,False,,,
KLAC,polygon,2533,2015-12-07,2026-01-02,,False,,,
SBUX,polygon,2533,2015-12-07,2026-01-02,,False,,,
ISRG,polygon,2533,2015-12-07,2026-01-02,,False,,,
CMCSA,polygon,2533,2015-12-07,2026-01-02,,False,,,
XLP,polygon,2533,2015-12-07,2026-01-02,,False,,,
VZ,polygon,2533,2015-12-07,2026-01-02,,True,False,False,0.0
DHR,polygon,2533,2015-12-07,2026-01-02,,False,,,
GDX,polygon,2533,2015-12-07,2026-01-02,,False,,,
XLY,polygon,2533,2015-12-07,2026-01-02,,False,,,
DDOG,polygon,1581,2019-09-19,2026-01-02,,False,,,
GM,polygon,2533,2015-12-07,2026-01-02,,False,,,
COP,polygon,2533,2015-12-07,2026-01-02,,False,,,
UAL,polygon,2533,2015-12-07,2026-01-02,,False,,,
SHW,polygon,2533,2015-12-07,2026-01-02,,False,,,
ADI,polygon,2533,2015-12-07,2026-01-02,,False,,,
TJX,polygon,2533,2015-12-07,2026-01-02,,False,,,
PM,polygon,2533,2015-12-07,2026-01-02,,False,,,
ETN,polygon,2533,2015-12-07,2026-01-02,,False,,,
CVS,polygon,2533,2015-12-07,2026-01-02,,False,,,
GILD,polygon,2533,2015-12-07,2026-01-02,,False,,,
BMY,polygon,2533,2015-12-07,2026-01-02,,False,,,
SPGI,polygon,2533,2015-12-07,2026-01-02,,False,,,
ABNB,polygon,1271,2020-12-10,2026-01-02,,False,,,
SCHW,polygon,2533,2015-12-07,2026-01-02,,False,,,
CVNA,polygon,2183,2017-04-28,2026-01-02,,False,,,
CCL,polygon,2533,2015-12-07,2026-01-02,,False,,,
REGN,polygon,2533,2015-12-07,2026-01-02,,False,,,
UNP,polygon,2533,2015-12-07,2026-01-02,,False,,,
LOW,polygon,2533,2015-12-07,2026-01-02,,False,,,
BX,polygon,2533,2015-12-07,2026-01-02,,False,,,
VRTX,polygon,2533,2015-12-07,2026-01-02,,False,,,
ABT,polygon,2533,2015-12-07,2026-01-02,,False,,,
PGR,polygon,2533,2015-12-07,2026-01-02,,False,,,
MPWR,polygon,2533,2015-12-07,2026-01-02,,True,False,False,0.0
LMT,polygon,2533,2015-12-07,2026-01-02,,False,,,
CDNS,polygon,2533,2015-12-07,2026-01-02,,False,,,
OXY,polygon,2533,2015-12-07,2026-01-02,,False,,,
CI,polygon,2533,2015-12-07,2026-01-02,,False,,,
SLV,polygon,2533,2015-12-07,2026-01-02,,False,,,
HUM,polygon,2533,2015-12-07,2026-01-02,,False,,,
RKLB,polygon,1282,2020-11-24,2026-01-02,,False,,,
F,polygon,2533,2015-12-07,2026-01-02,,False,,,
AXON,polygon,2533,2015-12-07,2026-01-02,,False,,,
CMG,polygon,2533,2015-12-07,2026-01-02,,False,,,
TEAM,polygon,2531,2015-12-09,2026-01-02,,False,,,
RTX,polygon,2533,2015-12-07,2026-01-02,,False,,,
SPXL,polygon,2533,2015-12-07,2026-01-02,,False,,,
TNA,polygon,2533,2015-12-07,2026-01-02,,False,,,
BSX,polygon,2533,2015-12-07,2026-01-02,,False,,,
COF,polygon,2533,2015-12-07,2026-01-02,,False,,,
SNPS,polygon,2533,2015-12-07,2026-01-02,,False,,,
UPS,polygon,2533,2015-12-07,2026-01-02,,False,,,
DE,polygon,2533,2015-12-07,2026-01-02,,False,,,
DASH,polygon,1272,2020-12-09,2026-01-02,,False,,,
FSLR,polygon,2533,2015-12-07,2026-01-02,,False,,,
ADP,polygon,2533,2015-12-07,2026-01-02,,False,,,
AAL,polygon,2533,2015-12-07,2026-01-02,,False,,,
IYR,polygon,2533,2015-12-07,2026-01-02,,False,,,
EWZ,polygon,2533,2015-12-07,2026-01-02,,False,,,
NXPI,polygon,2533,2015-12-07,2026-01-02,,False,,,
DAL,polygon,2533,2015-12-07,2026-01-02,,False,,,
UPST,polygon,1267,2020-12-16,2026-01-02,,False,,,
MCK,polygon,2533,2015-12-07,2026-01-02,,False,,,
ARKK,polygon,2533,2015-12-07,2026-01-02,,False,,,
KKR,polygon,2533,2015-12-07,2026-01-02,,False,,,
MDT,polygon,2533,2015-12-07,2026-01-02,,False,,,
AJG,polygon,2533,2015-12-07,2026-01-02,,False,,,
MDLZ,polygon,2533,2015-12-07,2026-01-02,,False,,,
APH,polygon,2533,2015-12-07,2026-01-02,,False,,,
EQIX,polygon,2533,2015-12-07,2026-01-02,,False,,,
FDX,polygon,2533,2015-12-07,2026-01-02,,False,,,
CME,polygon,2533,2015-12-07,2026-01-02,,False,,,
MDB,polygon,2062,2017-10-19,2026-01-02,,False,,,
ULTA,polygon,2533,2015-12-07,2026-01-02,,False,,,
JD,polygon,2533,2015-12-07,2026-01-02,,False,,,
SLB,polygon,2533,2015-12-07,2026-01-02,,False,,,
ICE,polygon,2533,2015-12-07,2026-01-02,,False,,,
RCL,polygon,2533,2015-12-07,2026-01-02,,False,,,
SYK,polygon,2533,2015-12-07,2026-01-02,,False,,,
AMT,polygon,2533,2015-12-07,2026-01-02,,False,,,
HCA,polygon,2533,2015-12-07,2026-01-02,,False,,,
HIMS,polygon,1585,2019-09-13,2026-01-02,,False,,,
FTNT,polygon,2533,2015-12-07,2026-01-02,,False,,,
MMM,polygon,2533,2015-12-07,2026-01-02,,False,,,
TTD,polygon,2334,2016-09-21,2026-01-02,,False,,,
ADSK,polygon,2533,2015-12-07,2026-01-02,,False,,,
TT,polygon,2533,2015-12-07,2026-01-02,,False,,,
MCHP,polygon,2533,2015-12-07,2026-01-02,,False,,,
PLD,polygon,2533,2015-12-07,2026-01-02,,False,,,
FCX,polygon,2533,2015-12-07,2026-01-02,,False,,,
CL,polygon,2533,2015-12-07,2026-01-02,,False,,,
ROST,polygon,2533,2015-12-07,2026-01-02,,False,,,
ON,polygon,2533,2015-12-07,2026-01-02,,False,,,
CB,polygon,2533,2015-12-07,2026-01-02,,False,,,
MO,polygon,2533,2015-12-07,2026-01-02,,False,,,
APD,polygon,2533,2015-12-07,2026-01-02,,False,,,
CHTR,polygon,2533,2015-12-07,2026-01-02,,False,,,
DECK,polygon,2533,2015-12-07,2026-01-02,,False,,,
NEM,polygon,2533,2015-12-07,2026-01-02,,False,,,
MMC,polygon,2533,2015-12-07,2026-01-02,,False,,,
ORLY,polygon,2533,2015-12-07,2026-01-02,,False,,,
DHI,polygon,2533,2015-12-07,2026-01-02,,False,,,
ZTS,polygon,2533,2015-12-07,2026-01-02,,False,,,
WSM,polygon,2533,2015-12-07,2026-01-02,,False,,,
CNC,polygon,2533,2015-12-07,2026-01-02,,False,,,
EW,polygon,2533,2015-12-07,2026-01-02,,False,,,
CSX,polygon,2533,2015-12-07,2026-01-02,,False,,,
TZA,polygon,2533,2015-12-07,2026-01-02,,False,,,
USB,polygon,2533,2015-12-07,2026-01-02,,False,,,
DOCU,polygon,1932,2018-04-27,2026-01-02,,False,,,
PH,polygon,2533,2015-12-07,2026-01-02,,False,,,
SE,polygon,2061,2017-10-20,2026-01-02,,False,,,
KMI,polygon,2533,2015-12-07,2026-01-02,,False,,,
MSI,polygon,2533,2015-12-07,2026-01-02,,False,,,
URI,polygon,2533,2015-12-07,2026-01-02,,True,False,False,0.0
FANG,polygon,2533,2015-12-07,2026-01-02,,False,,,
AON,polygon,2533,2015-12-07,2026-01-02,,False,,,
KDP,polygon,2533,2015-12-07,2026-01-02,,False,,,
XLB,polygon,2533,2015-12-07,2026-01-02,,False,,,
DUK,polygon,2533,2015-12-07,2026-01-02,,True,False,False,0.0
GD,polygon,2533,2015-12-07,2026-01-02,,False,,,
WMB,polygon,2533,2015-12-07,2026-01-02,,False,,,
PNC,polygon,2533,2015-12-07,2026-01-02,,False,,,
HSY,polygon,2533,2015-12-07,2026-01-02,,False,,,
EMR,polygon,2533,2015-12-07,2026-01-02,,False,,,
TFC,polygon,2533,2015-12-07,2026-01-02,,False,,,
MAR,polygon,2533,2015-12-07,2026-01-02,,False,,,
EL,polygon,2533,2015-12-07,2026-01-02,,False,,,
EOG,polygon,2533,2015-12-07,2026-01-02,,True,False,False,0.0
LNG,polygon,2533,2015-12-07,2026-01-02,,False,,,
GME,polygon,2533,2015-12-07,2026-01-02,,False,,,
DLR,polygon,2533,2015-12-07,2026-01-02,,False,,,
MPC,polygon,2533,2015-12-07,2026-01-02,,False,,,
CLSK,polygon,2294,2016-11-16,2026-01-02,,False,,,
NOC,polygon,2533,2015-12-07,2026-01-02,,False,,,
HLT,polygon,2533,2015-12-07,2026-01-02,,False,,,
ZS,polygon,1961,2018-03-16,2026-01-02,,False,,,
SO,polygon,2533,2015-12-07,2026-01-02,,False,,,
ACHR,polygon,1265,2020-12-18,2026-01-02,,False,,,
ENPH,polygon,2533,2015-12-07,2026-01-02,,False,,,
RIOT,polygon,2455,2016-03-31,2026-01-02,,False,,,
EQT,polygon,2533,2015-12-07,2026-01-02,,True,False,False,0.0
WELL,polygon,2533,2015-12-07,2026-01-02,,False,,,
HUBS,polygon,2533,2015-12-07,2026-01-02,,False,,,
XOP,polygon,2533,2015-12-07,2026-01-02,,False,,,
DXCM,polygon,2533,2015-12-07,2026-01-02,,False,,,
MCO,polygon,2533,2015-12-07,2026-01-02,,False,,,
WDC,polygon,2533,2015-12-07,2026-01-02,,False,,,
DG,polygon,2533,2015-12-07,2026-01-02,,False,,,
SNAP,polygon,2223,2017-03-02,2026-01-02,,False,,,
VLO,polygon,2533,2015-12-07,2026-01-02,,False,,,
DKNG,polygon,1620,2019-07-25,2026-01-02,,False,,,
STZ,polygon,2533,2015-12-07,2026-01-02,,False,,,
TRGP,polygon,2533,2015-12-07,2026-01-02,,False,,,
DLTR,polygon,2533,2015-12-07,2026-01-02,,False,,,
IQV,polygon,2533,2015-12-07,2026-01-02,,False,,,
LEN,polygon,2533,2015-12-07,2026-01-02,,False,,,
NET,polygon,1585,2019-09-13,2026-01-02,,False,,,
DVN,polygon,2533,2015-12-07,2026-01-02,,False,,,
WM,polygon,2533,2015-12-07,2026-01-02,,False,,,
SPXS,polygon,2533,2015-12-07,2026-01-02,,False,,,
MRNA,polygon,1777,2018-12-07,2026-01-02,,False,,,
TRV,polygon,2533,2015-12-07,2026-01-02,,False,,,
LYV,polygon,2533,2015-12-07,2026-01-02,,False,,,
TER,polygon,2533,2015-12-07,2026-01-02,,False,,,
CARR,polygon,1456,2020-03-19,2026-01-02,,False,,,
BIDU,polygon,2533,2015-12-07,2026-01-02,,False,,,
OKE,polygon,2533,2015-12-07,2026-01-02,,False,,,
VNQ,polygon,2533,2015-12-07,2026-01-02,,False,,,
TPR,polygon,2533,2015-12-07,2026-01-02,,False,,,
ET,polygon,2533,2015-12-07,2026-01-02,,False,,,
BK,polygon,2533,2015-12-07,2026-01-02,,False,,,
AIG,polygon,2533,2015-12-07,2026-01-02,,True,False,False,0.0
TWLO,polygon,2396,2016-06-23,2026-01-02,,False,,,
KR,polygon,2533,2015-12-07,2026-01-02,,False,,,
ALL,polygon,2533,2015-12-07,2026-01-02,,False,,,
PINS,polygon,1687,2019-04-18,2026-01-02,,False,,,
PSX,polygon,2533,2015-12-07,2026-01-02,,False,,,
SRE,polygon,2533,2015-12-07,2026-01-02,,False,,,
PCG,polygon,2533,2015-12-07,2026-01-02,,False,,,
KHC,polygon,2533,2015-12-07,2026-01-02,,False,,,
PWR,polygon,2533,2015-12-07,2026-01-02,,False,,,
ROKU,polygon,2077,2017-09-28,2026-01-02,,False,,,
KMB,polygon,2533,2015-12-07,2026-01-02,,False,,,
ILMN,polygon,2533,2015-12-07,2026-01-02,,False,,,
HPE,polygon,2533,2015-12-07,2026-01-02,,False,,,
ACWI,polygon,2533,2015-12-07,2026-01-02,,False,,,
BP,polygon,2533,2015-12-07,2026-01-02,,False,,,
NSC,polygon,2533,2015-12-07,2026-01-02,,False,,,
EA,polygon,2533,2015-12-07,2026-01-02,,False,,,
MSCI,polygon,2533,2015-12-07,2026-01-02,,False,,,
ZM,polygon,1687,2019-04-18,2026-01-02,,False,,,
EXPE,polygon,2533,2015-12-07,2026-01-02,,False,,,
NCLH,polygon,2533,2015-12-07,2026-01-02,,False,,,
DOW,polygon,1708,2019-03-20,2026-01-02,,False,,,
JCI,polygon,2533,2015-12-07,2026-01-02,,False,,,
IDXX,polygon,2533,2015-12-07,2026-01-02,,False,,,
EBAY,polygon,2533,2015-12-07,2026-01-02,,False,,,
ANF,polygon,2533,2015-12-07,2026-01-02,,False,,,
TSCO,polygon,2533,2015-12-07,2026-01-02,,False,,,
ROP,polygon,2533,2015-12-07,2026-01-02,,False,,,
TTWO,polygon,2533,2015-12-07,2026-01-02,,False,,,
RH,polygon,2533,2015-12-07,2026-01-02,,False,,,
BBY,polygon,2533,2015-12-07,2026-01-02,,False,,,
CCI,polygon,2533,2015-12-07,2026-01-02,,False,,,
VALE,polygon,2533,2015-12-07,2026-01-02,,False,,,
ETR,polygon,2533,2015-12-07,2026-01-02,,False,,,
FIS,polygon,2533,2015-12-07,2026-01-02,,False,,,
O,polygon,2533,2015-12-07,2026-01-02,,False,,,
LVS,polygon,2533,2015-12-07,2026-01-02,,False,,,
EFX,polygon,2533,2015-12-07,2026-01-02,,False,,,
ODFL,polygon,2533,2015-12-07,2026-01-02,,False,,,
AEP,polygon,2533,2015-12-07,2026-01-02,,False,,,
HWM,polygon,2305,2016-11-01,2026-01-02,,False,,,
XEL,polygon,2533,2015-12-07,2026-01-02,,False,,,
DKS,polygon,2533,2015-12-07,2026-01-02,,False,,,
BKR,polygon,2533,2015-12-07,2026-01-02,,False,,,
PCAR,polygon,2533,2015-12-07,2026-01-02,,False,,,
DPZ,polygon,2533,2015-12-07,2026-01-02,,False,,,
NUE,polygon,2533,2015-12-07,2026-01-02,,False,,,
CBRE,polygon,2533,2015-12-07,2026-01-02,,False,,,
GIS,polygon,2533,2015-12-07,2026-01-02,,False,,,
CAH,polygon,2533,2015-12-07,2026-01-02,,False,,,
ROK,polygon,2533,2015-12-07,2026-01-02,,False,,,
HAL,polygon,2533,2015-12-07,2026-01-02,,False,,,
NIO,polygon,1837,2018-09-12,2026-01-02,,False,,,
BURL,polygon,2533,2015-12-07,2026-01-02,,False,,,
PAYX,polygon,2533,2015-12-07,2026-01-02,,False,,,
AMP,polygon,2533,2015-12-07,2026-01-02,,False,,,
D,polygon,2533,2015-12-07,2026-01-02,,False,,,
ECL,polygon,2533,2015-12-07,2026-01-02,,False,,,
USO,polygon,2533,2015-12-07,2026-01-02,,False,,,
OKTA,polygon,2197,2017-04-07,2026-01-02,,False,,,
EXC,polygon,2533,2015-12-07,2026-01-02,,False,,,
APTV,polygon,2533,2015-12-07,2026-01-02,,False,,,
CTSH,polygon,2533,2015-12-07,2026-01-02,,False,,,
IP,polygon,2533,2015-12-07,2026-01-02,,False,,,
LCID,polygon,1329,2020-09-18,2026-01-02,,False,,,
DRI,polygon,2533,2015-12-07,2026-01-02,,False,,,
SYF,polygon,2533,2015-12-07,2026-01-02,,False,,,
U,polygon,1329,2020-09-18,2026-01-02,,False,,,
CELH,polygon,2533,2015-12-07,2026-01-02,,False,,,
LUV,polygon,2533,2015-12-07,2026-01-02,,False,,,
HBAN,polygon,2533,2015-12-07,2026-01-02,,False,,,
A,polygon,2533,2015-12-07,2026-01-02,,False,,,
ARES,polygon,2533,2015-12-07,2026-01-02,,False,,,
HPQ,polygon,2533,2015-12-07,2026-01-02,,False,,,
SPG,polygon,2533,2015-12-07,2026-01-02,,False,,,
VEEV,polygon,2533,2015-12-07,2026-01-02,,False,,,
SYY,polygon,2533,2015-12-07,2026-01-02,,False,,,
GPN,polygon,2533,2015-12-07,2026-01-02,,False,,,
BIIB,polygon,2533,2015-12-07,2026-01-02,,False,,,
CDW,polygon,2533,2015-12-07,2026-01-02,,False,,,
YUM,polygon,2533,2015-12-07,2026-01-02,,False,,,
MLM,polygon,2533,2015-12-07,2026-01-02,,False,,,
VMC,polygon,2533,2015-12-07,2026-01-02,,False,,,
TEL,polygon,2533,2015-12-07,2026-01-02,,False,,,
CCJ,polygon,2533,2015-12-07,2026-01-02,,False,,,
MOH,polygon,2533,2015-12-07,2026-01-02,,False,,,
CMI,polygon,2533,2015-12-07,2026-01-02,,False,,,
WYNN,polygon,2533,2015-12-07,2026-01-02,,False,,,
PSA,polygon,2533,2015-12-07,2026-01-02,,False,,,
MTB,polygon,2533,2015-12-07,2026-01-02,,False,,,
ITW,polygon,2533,2015-12-07,2026-01-02,,False,,,
STX,polygon,2533,2015-12-07,2026-01-02,,False,,,
STT,polygon,2533,2015-12-07,2026-01-02,,False,,,
AFL,polygon,2533,2015-12-07,2026-01-02,,False,,,
WST,polygon,2533,2015-12-07,2026-01-02,,False,,,
GLW,polygon,2533,2015-12-07,2026-01-02,,False,,,
LPLA,polygon,2533,2015-12-07,2026-01-02,,False,,,
AME,polygon,2533,2015-12-07,2026-01-02,,False,,,
W,polygon,2533,2015-12-07,2026-01-02,,False,,,
CSGP,polygon,2533,2015-12-07,2026-01-02,,False,,,
RMD,polygon,2533,2015-12-07,2026-01-02,,False,,,
SWKS,polygon,2533,2015-12-07,2026-01-02,,False,,,
XPO,polygon,2533,2015-12-07,2026-01-02,,False,,,
PEG,polygon,2533,2015-12-07,2026-01-02,,False,,,
ASTS,polygon,1550,2019-11-01,2026-01-02,,False,,,
PPG,polygon,2533,2015-12-07,2026-01-02,,False,,,
FAST,polygon,2533,2015-12-07,2026-01-02,,False,,,
NDAQ,polygon,2533,2015-12-07,2026-01-02,,False,,,
NTAP,polygon,2533,2015-12-07,2026-01-02,,False,,,
ETSY,polygon,2533,2015-12-07,2026-01-02,,False,,,
WAB,polygon,2533,2015-12-07,2026-01-02,,False,,,
XLRE,polygon,2533,2015-12-07,2026-01-02,,False,,,
FTV,polygon,2389,2016-07-05,2026-01-02,,False,,,
KEYS,polygon,2533,2015-12-07,2026-01-02,,False,,,
CHWY,polygon,1648,2019-06-14,2026-01-02,,False,,,
PHM,polygon,2533,2015-12-07,2026-01-02,,False,,,
BBWI,polygon,2533,2015-12-07,2026-01-02,,False,,,
RJF,polygon,2533,2015-12-07,2026-01-02,,False,,,
ED,polygon,2533,2015-12-07,2026-01-02,,False,,,
ALB,polygon,2533,2015-12-07,2026-01-02,,False,,,
NTRA,polygon,2533,2015-12-07,2026-01-02,,False,,,
RSG,polygon,2533,2015-12-07,2026-01-02,,False,,,
BE,polygon,1871,2018-07-25,2026-01-02,,False,,,
LYFT,polygon,1701,2019-03-29,2026-01-02,,False,,,
LYB,polygon,2533,2015-12-07,2026-01-02,,False,,,
CBOE,polygon,2533,2015-12-07,2026-01-02,,False,,,
IBKR,polygon,2533,2015-12-07,2026-01-02,,False,,,
CFG,polygon,2533,2015-12-07,2026-01-02,,False,,,
BILL,polygon,1522,2019-12-12,2026-01-02,,False,,,
GRMN,polygon,2533,2015-12-07,2026-01-02,,False,,,
PBR,polygon,2533,2015-12-07,2026-01-02,,False,,,
SBAC,polygon,2533,2015-12-07,2026-01-02,,False,,,
BLDR,polygon,2533,2015-12-07,2026-01-02,,False,,,
CTVA,polygon,1662,2019-05-24,2026-01-02,,False,,,
FITB,polygon,2533,2015-12-07,2026-01-02,,False,,,
TEVA,polygon,2533,2015-12-07,2026-01-02,,False,,,
RF,polygon,2533,2015-12-07,2026-01-02,,False,,,
ALNY,polygon,2533,2015-12-07,2026-01-02,,False,,,
FOUR,polygon,1402,2020-06-05,2026-01-02,,False,,,
WAT,polygon,2533,2015-12-07,2026-01-02,,False,,,
ACGL,polygon,2533,2015-12-07,2026-01-02,,False,,,
IR,polygon,2173,2017-05-12,2026-01-02,,False,,,
LDOS,polygon,2533,2015-12-07,2026-01-02,,False,,,
VRSK,polygon,2533,2015-12-07,2026-01-02,,False,,,
FIVE,polygon,2533,2015-12-07,2026-01-02,,False,,,
WEC,polygon,2533,2015-12-07,2026-01-02,,False,,,
IT,polygon,2533,2015-12-07,2026-01-02,,False,,,
QRVO,polygon,2533,2015-12-07,2026-01-02,,False,,,
THC,polygon,2533,2015-12-07,2026-01-02,,False,,,
OTIS,polygon,1456,2020-03-19,2026-01-02,,False,,,
HIG,polygon,2533,2015-12-07,2026-01-02,,True,False,False,0.0
IBB,polygon,2533,2015-12-07,2026-01-02,,False,,,
AKAM,polygon,2533,2015-12-07,2026-01-02,,False,,,
AGNC,polygon,2533,2015-12-07,2026-01-02,,False,,,
SAIA,polygon,2533,2015-12-07,2026-01-02,,False,,,
OMC,polygon,2533,2015-12-07,2026-01-02,,False,,,
AA,polygon,2533,2015-12-07,2026-01-02,,False,,,
EIX,polygon,2533,2015-12-07,2026-01-02,,False,,,
FOXA,polygon,1714,2019-03-12,2026-01-02,,False,,,
LW,polygon,2298,2016-11-10,2026-01-02,,False,,,
ALGN,polygon,2533,2015-12-07,2026-01-02,,False,,,
AEM,polygon,2533,2015-12-07,2026-01-02,,False,,,
AES,polygon,2533,2015-12-07,2026-01-02,,False,,,
HUBB,polygon,2533,2015-12-07,2026-01-02,,False,,,
ALK,polygon,2533,2015-12-07,2026-01-02,,False,,,
CNP,polygon,2533,2015-12-07,2026-01-02,,False,,,
TOL,polygon,2533,2015-12-07,2026-01-02,,False,,,
GPC,polygon,2533,2015-12-07,2026-01-02,,False,,,
EAT,polygon,2533,2015-12-07,2026-01-02,,False,,,
CROX,polygon,2533,2015-12-07,2026-01-02,,False,,,
LI,polygon,1364,2020-07-30,2026-01-02,,False,,,
DTE,polygon,2533,2015-12-07,2026-01-02,,False,,,
KEY,polygon,2533,2015-12-07,2026-01-02,,False,,,
CE,polygon,2533,2015-12-07,2026-01-02,,False,,,
IRM,polygon,2533,2015-12-07,2026-01-02,,False,,,
JOBY,polygon,1293,2020-11-09,2026-01-02,,False,,,
XPEV,polygon,1344,2020-08-27,2026-01-02,,False,,,
XYL,polygon,2533,2015-12-07,2026-01-02,,False,,,
GTLS,polygon,2533,2015-12-07,2026-01-02,,False,,,
STLD,polygon,2533,2015-12-07,2026-01-02,,False,,,
WING,polygon,2533,2015-12-07,2026-01-02,,False,,,
NTNX,polygon,2327,2016-09-30,2026-01-02,,False,,,
KMX,polygon,2533,2015-12-07,2026-01-02,,False,,,
CHD,polygon,2533,2015-12-07,2026-01-02,,False,,,
TROW,polygon,2533,2015-12-07,2026-01-02,,False,,,
EPAM,polygon,2533,2015-12-07,2026-01-02,,False,,,
VTR,polygon,2533,2015-12-07,2026-01-02,,False,,,
HUT,polygon,1967,2018-03-08,2026-01-02,,False,,,
TYL,polygon,2533,2015-12-07,2026-01-02,,False,,,
RL,polygon,2533,2015-12-07,2026-01-02,,False,,,
ADM,polygon,2533,2015-12-07,2026-01-02,,False,,,
JBHT,polygon,2533,2015-12-07,2026-01-02,,False,,,
MTCH,polygon,2533,2015-12-07,2026-01-02,,False,,,
CTRA,polygon,2533,2015-12-07,2026-01-02,,False,,,
LITE,polygon,2533,2015-12-07,2026-01-02,,False,,,
BG,polygon,2533,2015-12-07,2026-01-02,,False,,,
PKG,polygon,2533,2015-12-07,2026-01-02,,False,,,
FFIV,polygon,2533,2015-12-07,2026-01-02,,False,,,
PODD,polygon,2533,2015-12-07,2026-01-02,,False,,,
DD,polygon,2533,2015-12-07,2026-01-02,,False,,,
APA,polygon,2533,2015-12-07,2026-01-02,,False,,,
CF,polygon,2533,2015-12-07,2026-01-02,,False,,,
CMS,polygon,2533,2015-12-07,2026-01-02,,False,,,
VFC,polygon,2533,2015-12-07,2026-01-02,,False,,,
AWK,polygon,2533,2015-12-07,2026-01-02,,False,,,
ESTC,polygon,1820,2018-10-05,2026-01-02,,False,,,
TRU,polygon,2533,2015-12-07,2026-01-02,,False,,,
EXR,polygon,2533,2015-12-07,2026-01-02,,False,,,
SU,polygon,2533,2015-12-07,2026-01-02,,False,,,
ZBRA,polygon,2533,2015-12-07,2026-01-02,,False,,,
HOLX,polygon,2533,2015-12-07,2026-01-02,,False,,,
VICI,polygon,2012,2018-01-02,2026-01-02,,False,,,
AVB,polygon,2533,2015-12-07,2026-01-02,,False,,,
PTC,polygon,2533,2015-12-07,2026-01-02,,False,,,
INCY,polygon,2533,2015-12-07,2026-01-02,,False,,,
AAOI,polygon,2533,2015-12-07,2026-01-02,,False,,,
LH,polygon,2533,2015-12-07,2026-01-02,,False,,,
EXAS,polygon,2533,2015-12-07,2026-01-02,,False,,,
SWK,polygon,2533,2015-12-07,2026-01-02,,False,,,
CAG,polygon,2533,2015-12-07,2026-01-02,,False,,,
BRO,polygon,2533,2015-12-07,2026-01-02,,False,,,
PNR,polygon,2533,2015-12-07,2026-01-02,,False,,,
MGM,polygon,2533,2015-12-07,2026-01-02,,False,,,
UHS,polygon,2533,2015-12-07,2026-01-02,,False,,,
AR,polygon,2533,2015-12-07,2026-01-02,,False,,,
NBIX,polygon,2533,2015-12-07,2026-01-02,,False,,,
PLUG,polygon,2533,2015-12-07,2026-01-02,,False,,,
VRSN,polygon,2533,2015-12-07,2026-01-02,,False,,,
NTRS,polygon,2533,2015-12-07,2026-01-02,,False,,,
CLF,polygon,2533,2015-12-07,2026-01-02,,False,,,
STM,polygon,2533,2015-12-07,2026-01-02,,False,,,
MKC,polygon,2533,2015-12-07,2026-01-02,,False,,,
NI,polygon,2533,2015-12-07,2026-01-02,,False,,,
ARE,polygon,2533,2015-12-07,2026-01-02,,False,,,
WCC,polygon,2533,2015-12-07,2026-01-02,,False,,,
GNRC,polygon,2533,2015-12-07,2026-01-02,,True,False,False,0.0
AEE,polygon,2533,2015-12-07,2026-01-02,,False,,,
CZR,polygon,2533,2015-12-07,2026-01-02,,False,,,
ONTO,polygon,1554,2019-10-28,2026-01-02,,False,,,
CG,polygon,2533,2015-12-07,2026-01-02,,False,,,
DGX,polygon,2533,2015-12-07,2026-01-02,,False,,,
EPD,polygon,2533,2015-12-07,2026-01-02,,False,,,
AVTR,polygon,1667,2019-05-17,2026-01-02,,False,,,
KSS,polygon,2533,2015-12-07,2026-01-02,,False,,,
OLLI,polygon,2533,2015-12-07,2026-01-02,,False,,,
LSCC,polygon,2533,2015-12-07,2026-01-02,,False,,,
CRL,polygon,2533,2015-12-07,2026-01-02,,False,,,
FDS,polygon,2533,2015-12-07,2026-01-02,,False,,,
TXRH,polygon,2533,2015-12-07,2026-01-02,,False,,,
CNQ,polygon,2533,2015-12-07,2026-01-02,,False,,,
HST,polygon,2533,2015-12-07,2026-01-02,,False,,,
STE,polygon,2533,2015-12-07,2026-01-02,,False,,,
TSN,polygon,2533,2015-12-07,2026-01-02,,False,,,
EXPD,polygon,2533,2015-12-07,2026-01-02,,False,,,
CHRW,polygon,2533,2015-12-07,2026-01-02,,False,,,
COO,polygon,2533,2015-12-07,2026-01-02,,False,,,
SJM,polygon,2533,2015-12-07,2026-01-02,,False,,,
BAX,polygon,2533,2015-12-07,2026-01-02,,False,,,
ES,polygon,2533,2015-12-07,2026-01-02,,False,,,
IFF,polygon,2533,2015-12-07,2026-01-02,,False,,,
ALLY,polygon,2533,2015-12-07,2026-01-02,,False,,,
SHAK,polygon,2533,2015-12-07,2026-01-02,,False,,,
AAP,polygon,2533,2015-12-07,2026-01-02,,False,,,
SRPT,polygon,2533,2015-12-07,2026-01-02,,False,,,
DVA,polygon,2533,2015-12-07,2026-01-02,,False,,,
AMCR,polygon,2533,2015-12-07,2026-01-02,,False,,,
WIX,polygon,2533,2015-12-07,2026-01-02,,False,,,
UTHR,polygon,2533,2015-12-07,2026-01-02,,False,,,
CVE,polygon,2533,2015-12-07,2026-01-02,,False,,,
TDY,polygon,2533,2015-12-07,2026-01-02,,False,,,
MANH,polygon,2533,2015-12-07,2026-01-02,,False,,,
BOOT,polygon,2533,2015-12-07,2026-01-02,,False,,,
EVRG,polygon,2533,2015-12-07,2026-01-02,,False,,,
ATO,polygon,2533,2015-12-07,2026-01-02,,False,,,
STLA,polygon,2533,2015-12-07,2026-01-02,,False,,,
OVV,polygon,2533,2015-12-07,2026-01-02,,False,,,
ALLE,polygon,2533,2015-12-07,2026-01-02,,True,False,False,0.0
POOL,polygon,2533,2015-12-07,2026-01-02,,False,,,
FE,polygon,2533,2015-12-07,2026-01-02,,False,,,
HSIC,polygon,2533,2015-12-07,2026-01-02,,False,,,
INVH,polygon,2243,2017-02-01,2026-01-02,,False,,,
MASI,polygon,2533,2015-12-07,2026-01-02,,False,,,
BR,polygon,2533,2015-12-07,2026-01-02,,False,,,
HII,polygon,2533,2015-12-07,2026-01-02,,False,,,
CPRI,polygon,2533,2015-12-07,2026-01-02,,False,,,
MAS,polygon,2533,2015-12-07,2026-01-02,,False,,,
INSM,polygon,2533,2015-12-07,2026-01-02,,False,,,
J,polygon,2533,2015-12-07,2026-01-02,,False,,,
APLS,polygon,2047,2017-11-09,2026-01-02,,False,,,
EQR,polygon,2533,2015-12-07,2026-01-02,,False,,,
QSR,polygon,2533,2015-12-07,2026-01-02,,False,,,
SSNC,polygon,2533,2015-12-07,2026-01-02,,False,,,
BWXT,polygon,2533,2015-12-07,2026-01-02,,False,,,
RS,polygon,2533,2015-12-07,2026-01-02,,True,False,False,0.0
JKHY,polygon,2533,2015-12-07,2026-01-02,,False,,,
M,polygon,2533,2015-12-07,2026-01-02,,False,,,
MOS,polygon,2533,2015-12-07,2026-01-02,,False,,,
WSC,polygon,2533,2015-12-07,2026-01-02,,False,,,
MTN,polygon,2533,2015-12-07,2026-01-02,,False,,,
LMND,polygon,1383,2020-07-02,2026-01-02,,False,,,
AVY,polygon,2533,2015-12-07,2026-01-02,,False,,,
CPB,polygon,2533,2015-12-07,2026-01-02,,False,,,
TAP,polygon,2533,2015-12-07,2026-01-02,,False,,,
ESS,polygon,2533,2015-12-07,2026-01-02,,False,,,
MAA,polygon,2533,2015-12-07,2026-01-02,,False,,,
EVR,polygon,2533,2015-12-07,2026-01-02,,False,,,
WAL,polygon,2533,2015-12-07,2026-01-02,,False,,,
AER,polygon,2533,2015-12-07,2026-01-02,,False,,,
WRB,polygon,2533,2015-12-07,2026-01-02,,False,,,
TREX,polygon,2533,2015-12-07,2026-01-02,,False,,,
WY,polygon,2533,2015-12-07,2026-01-02,,False,,,
BMRN,polygon,2533,2015-12-07,2026-01-02,,False,,,
LNT,polygon,2533,2015-12-07,2026-01-02,,False,,,
EMN,polygon,2533,2015-12-07,2026-01-02,,False,,,
PFG,polygon,2533,2015-12-07,2026-01-02,,False,,,
BNTX,polygon,1566,2019-10-10,2026-01-02,,False,,,
URBN,polygon,2533,2015-12-07,2026-01-02,,False,,,
VTRS,polygon,2533,2015-12-07,2026-01-02,,False,,,
LNTH,polygon,2533,2015-12-07,2026-01-02,,False,,,
CPT,polygon,2533,2015-12-07,2026-01-02,,False,,,
KIM,polygon,2533,2015-12-07,2026-01-02,,False,,,
AGCO,polygon,2533,2015-12-07,2026-01-02,,False,,,
MHK,polygon,2533,2015-12-07,2026-01-02,,True,False,False,0.0
NTR,polygon,2012,2018-01-02,2026-01-02,,False,,,
RUN,polygon,2533,2015-12-07,2026-01-02,,False,,,
BF.B,polygon,2533,2015-12-07,2026-01-02,,False,,,
LBRDK,polygon,2533,2015-12-07,2026-01-02,,False,,,
BXP,polygon,2533,2015-12-07,2026-01-02,,False,,,
MKTX,polygon,2533,2015-12-07,2026-01-02,,False,,,
EWBC,polygon,2533,2015-12-07,2026-01-02,,False,,,
AN,polygon,2533,2015-12-07,2026-01-02,,False,,,
HAS,polygon,2533,2015-12-07,2026-01-02,,False,,,
LKQ,polygon,2533,2015-12-07,2026-01-02,,False,,,
WHR,polygon,2533,2015-12-07,2026-01-02,,True,False,False,0.0
TXT,polygon,2533,2015-12-07,2026-01-02,,False,,,
DBX,polygon,1956,2018-03-23,2026-01-02,,False,,,
ACI,polygon,1387,2020-06-26,2026-01-02,,False,,,
ARCC,polygon,2533,2015-12-07,2026-01-02,,False,,,
CNX,polygon,2533,2015-12-07,2026-01-02,,False,,,
RGEN,polygon,2533,2015-12-07,2026-01-02,,False,,,
TRMB,polygon,2533,2015-12-07,2026-01-02,,False,,,
MKSI,polygon,2533,2015-12-07,2026-01-02,,False,,,
ACM,polygon,2533,2015-12-07,2026-01-02,,False,,,
BRKR,polygon,2533,2015-12-07,2026-01-02,,False,,,
TTEK,polygon,2533,2015-12-07,2026-01-02,,False,,,
AMH,polygon,2533,2015-12-07,2026-01-02,,False,,,
OLED,polygon,2533,2015-12-07,2026-01-02,,False,,,
LUMN,polygon,2533,2015-12-07,2026-01-02,,False,,,
RRC,polygon,2533,2015-12-07,2026-01-02,,False,,,
PI,polygon,2377,2016-07-21,2026-01-02,,False,,,
BEN,polygon,2533,2015-12-07,2026-01-02,,False,,,
HALO,polygon,2533,2015-12-07,2026-01-02,,False,,,
AEO,polygon,2533,2015-12-07,2026-01-02,,False,,,
TFX,polygon,2533,2015-12-07,2026-01-02,,False,,,
NOK,polygon,2533,2015-12-07,2026-01-02,,False,,,
REG,polygon,2533,2015-12-07,2026-01-02,,False,,,
MIDD,polygon,2533,2015-12-07,2026-01-02,,False,,,
PVH,polygon,2533,2015-12-07,2026-01-02,,False,,,
PCTY,polygon,2533,2015-12-07,2026-01-02,,False,,,
MTDR,polygon,2533,2015-12-07,2026-01-02,,False,,,
REXR,polygon,2533,2015-12-07,2026-01-02,,False,,,
TM,polygon,2533,2015-12-07,2026-01-02,,False,,,
JAZZ,polygon,2533,2015-12-07,2026-01-02,,False,,,
AIZ,polygon,2533,2015-12-07,2026-01-02,,False,,,
EXEL,polygon,2533,2015-12-07,2026-01-02,,False,,,
ROL,polygon,2533,2015-12-07,2026-01-02,,False,,,
QS,polygon,1352,2020-08-17,2026-01-02,,False,,,
GL,polygon,2533,2015-12-07,2026-01-02,,False,,,
AMLP,polygon,2533,2015-12-07,2026-01-02,,False,,,
HRL,polygon,2533,2015-12-07,2026-01-02,,False,,,
AOS,polygon,2533,2015-12-07,2026-01-02,,False,,,
ARMK,polygon,2533,2015-12-07,2026-01-02,,False,,,
MTSI,polygon,2533,2015-12-07,2026-01-02,,True,False,False,0.0
SEDG,polygon,2533,2015-12-07,2026-01-02,,False,,,
CRI,polygon,2533,2015-12-07,2026-01-02,,False,,,
ALC,polygon,1694,2019-04-09,2026-01-02,,False,,,
HRB,polygon,2533,2015-12-07,2026-01-02,,False,,,
ALV,polygon,2533,2015-12-07,2026-01-02,,False,,,
FRT,polygon,2533,2015-12-07,2026-01-02,,False,,,
RHI,polygon,2533,2015-12-07,2026-01-02,,False,,,
CRUS,polygon,2533,2015-12-07,2026-01-02,,False,,,
ACHC,polygon,2533,2015-12-07,2026-01-02,,False,,,
TECH,polygon,2533,2015-12-07,2026-01-02,,False,,,
NWSA,polygon,2533,2015-12-07,2026-01-02,,False,,,
ADC,polygon,2533,2015-12-07,2026-01-02,,False,,,
ASAN,polygon,1321,2020-09-30,2026-01-02,,False,,,
BWA,polygon,2533,2015-12-07,2026-01-02,,False,,,
POST,polygon,2533,2015-12-07,2026-01-02,,False,,,
FIVN,polygon,2533,2015-12-07,2026-01-02,,False,,,
ADMA,polygon,2533,2015-12-07,2026-01-02,,False,,,
CRSP,polygon,2314,2016-10-19,2026-01-02,,False,,,
SF,polygon,2533,2015-12-07,2026-01-02,,False,,,
YETI,polygon,1806,2018-10-25,2026-01-02,,False,,,
L,polygon,2533,2015-12-07,2026-01-02,,False,,,
FMC,polygon,2533,2015-12-07,2026-01-02,,False,,,
NDSN,polygon,2533,2015-12-07,2026-01-02,,False,,,
XRAY,polygon,2533,2015-12-07,2026-01-02,,False,,,
ALSN,polygon,2533,2015-12-07,2026-01-02,,False,,,
VNO,polygon,2533,2015-12-07,2026-01-02,,False,,,
QLYS,polygon,2533,2015-12-07,2026-01-02,,False,,,
AGQ,polygon,2533,2015-12-07,2026-01-02,,False,,,
IVZ,polygon,2533,2015-12-07,2026-01-02,,False,,,
CUBE,polygon,2533,2015-12-07,2026-01-02,,False,,,
ARKG,polygon,2533,2015-12-07,2026-01-02,,False,,,
HLNE,polygon,2224,2017-03-01,2026-01-02,,False,,,
CHDN,polygon,2533,2015-12-07,2026-01-02,,False,,,
SEIC,polygon,2533,2015-12-07,2026-01-02,,False,,,
FNF,polygon,2533,2015-12-07,2026-01-02,,False,,,
OPEN,polygon,1393,2020-06-18,2026-01-02,,False,,,
GLPI,polygon,2533,2015-12-07,2026-01-02,,False,,,
ACWX,polygon,2533,2015-12-07,2026-01-02,,True,False,False,0.0
AAAU,polygon,1856,2018-08-15,2026-01-02,,False,,,
RMBS,polygon,2533,2015-12-07,2026-01-02,,False,,,
CIVI,polygon,2533,2015-12-07,2026-01-02,,False,,,
GH,polygon,1821,2018-10-04,2026-01-02,,False,,,
FR,polygon,2533,2015-12-07,2026-01-02,,False,,,
CAKE,polygon,2533,2015-12-07,2026-01-02,,False,,,
AG,polygon,2533,2015-12-07,2026-01-02,,False,,,
EGP,polygon,2533,2015-12-07,2026-01-02,,False,,,
APG,polygon,1428,2020-04-29,2026-01-02,,False,,,
PAA,polygon,2533,2015-12-07,2026-01-02,,False,,,
ITRI,polygon,2533,2015-12-07,2026-01-02,,False,,,
AMC,polygon,2533,2015-12-07,2026-01-02,,False,,,
SM,polygon,2533,2015-12-07,2026-01-02,,False,,,
WTFC,polygon,2533,2015-12-07,2026-01-02,,False,,,
WTRG,polygon,2533,2015-12-07,2026-01-02,,False,,,
TMHC,polygon,2533,2015-12-07,2026-01-02,,False,,,
AAON,polygon,2533,2015-12-07,2026-01-02,,False,,,
SAIC,polygon,2533,2015-12-07,2026-01-02,,False,,,
WU,polygon,2533,2015-12-07,2026-01-02,,False,,,
IONS,polygon,2533,2015-12-07,2026-01-02,,False,,,
CORT,polygon,2533,2015-12-07,2026-01-02,,False,,,
LEGN,polygon,1402,2020-06-05,2026-01-02,,False,,,
ALKS,polygon,2533,2015-12-07,2026-01-02,,False,,,
FOX,polygon,1713,2019-03-13,2026-01-02,,False,,,
PLAY,polygon,2533,2015-12-07,2026-01-02,,False,,,
MORN,polygon,2533,2015-12-07,2026-01-02,,False,,,
AFG,polygon,2533,2015-12-07,2026-01-02,,False,,,
LOGI,polygon,2533,2015-12-07,2026-01-02,,False,,,
NCNO,polygon,1376,2020-07-14,2026-01-02,,False,,,
AXSM,polygon,2533,2015-12-07,2026-01-02,,False,,,
ADT,polygon,2000,2018-01-19,2026-01-02,,False,,,
RNG,polygon,2533,2015-12-07,2026-01-02,,False,,,
BB,polygon,2533,2015-12-07,2026-01-02,,False,,,
MC,polygon,2533,2015-12-07,2026-01-02,,False,,,
NOG,polygon,2533,2015-12-07,2026-01-02,,False,,,
ACLS,polygon,2533,2015-12-07,2026-01-02,,False,,,
SITM,polygon,1537,2019-11-20,2026-01-02,,False,,,
SEE,polygon,2533,2015-12-07,2026-01-02,,False,,,
COLD,polygon,2000,2018-01-19,2026-01-02,,False,,,
PZZA,polygon,2533,2015-12-07,2026-01-02,,False,,,
AGX,polygon,2533,2015-12-07,2026-01-02,,False,,,
AGI,polygon,2533,2015-12-07,2026-01-02,,False,,,
MGY,polygon,2140,2017-06-29,2026-01-02,,False,,,
ALGM,polygon,1300,2020-10-29,2026-01-02,,False,,,
LNC,polygon,2533,2015-12-07,2026-01-02,,False,,,
JHG,polygon,2162,2017-05-30,2026-01-02,,False,,,
AMBA,polygon,2533,2015-12-07,2026-01-02,,False,,,
LAZ,polygon,2533,2015-12-07,2026-01-02,,False,,,
VNOM,polygon,2533,2015-12-07,2026-01-02,,False,,,
NVAX,polygon,2533,2015-12-07,2026-01-02,,False,,,
EOSE,polygon,1298,2020-11-02,2026-01-02,,False,,,
ARRY,polygon,1310,2020-10-15,2026-01-02,,False,,,
QGEN,polygon,2533,2015-12-07,2026-01-02,,False,,,
FAF,polygon,2533,2015-12-07,2026-01-02,,False,,,
HMC,polygon,2533,2015-12-07,2026-01-02,,False,,,
COLM,polygon,2533,2015-12-07,2026-01-02,,False,,,
AIRR,polygon,2533,2015-12-07,2026-01-02,,False,,,
SATS,polygon,2533,2015-12-07,2026-01-02,,False,,,
RKT,polygon,1359,2020-08-06,2026-01-02,,False,,,
ESNT,polygon,2533,2015-12-07,2026-01-02,,False,,,
TKR,polygon,2533,2015-12-07,2026-01-02,,False,,,
TWST,polygon,1802,2018-10-31,2026-01-02,,True,False,False,0.0
CBRL,polygon,2533,2015-12-07,2026-01-02,,False,,,
STAG,polygon,2533,2015-12-07,2026-01-02,,False,,,
AAXJ,polygon,2533,2015-12-07,2026-01-02,,False,,,
AMG,polygon,2533,2015-12-07,2026-01-02,,False,,,
ALGT,polygon,2533,2015-12-07,2026-01-02,,True,False,False,0.0
MTG,polygon,2533,2015-12-07,2026-01-02,,True,False,False,0.0
AMSC,polygon,2533,2015-12-07,2026-01-02,,False,,,
ACIW,polygon,2533,2015-12-07,2026-01-02,,False,,,
AMKR,polygon,2533,2015-12-07,2026-01-02,,False,,,
LEVI,polygon,1707,2019-03-21,2026-01-02,,False,,,
ATGE,polygon,2533,2015-12-07,2026-01-02,,False,,,
TFII,polygon,2533,2015-12-07,2026-01-02,,False,,,
CWST,polygon,2533,2015-12-07,2026-01-02,,False,,,
SMPL,polygon,2134,2017-07-10,2026-01-02,,False,,,
AKR,polygon,2533,2015-12-07,2026-01-02,,False,,,
RVLV,polygon,1653,2019-06-07,2026-01-02,,False,,,
REAL,polygon,1638,2019-06-28,2026-01-02,,False,,,
VIRT,polygon,2533,2015-12-07,2026-01-02,,False,,,
RARE,polygon,2533,2015-12-07,2026-01-02,,False,,,
LC,polygon,2533,2015-12-07,2026-01-02,,False,,,
UFPI,polygon,2533,2015-12-07,2026-01-02,,False,,,
AROC,polygon,2533,2015-12-07,2026-01-02,,False,,,
AL,polygon,2533,2015-12-07,2026-01-02,,False,,,
RPD,polygon,2533,2015-12-07,2026-01-02,,False,,,
VCYT,polygon,2533,2015-12-07,2026-01-02,,False,,,
NTLA,polygon,2429,2016-05-06,2026-01-02,,False,,,
PRGS,polygon,2533,2015-12-07,2026-01-02,,False,,,
VRRM,polygon,2207,2017-03-24,2026-01-02,,False,,,
FROG,polygon,1331,2020-09-16,2026-01-02,,False,,,
ABR,polygon,2533,2015-12-07,2026-01-02,,False,,,
IMO,polygon,2533,2015-12-07,2026-01-02,,False,,,
BEAM,polygon,1485,2020-02-06,2026-01-02,,False,,,
HWC,polygon,2533,2015-12-07,2026-01-02,,False,,,
MGNI,polygon,2533,2015-12-07,2026-01-02,,False,,,
TRUP,polygon,2533,2015-12-07,2026-01-02,,False,,,
DVAX,polygon,2533,2015-12-07,2026-01-02,,False,,,
FLO,polygon,2533,2015-12-07,2026-01-02,,False,,,
EEFT,polygon,2533,2015-12-07,2026-01-02,,False,,,
APLE,polygon,2533,2015-12-07,2026-01-02,,False,,,
NOVT,polygon,2533,2015-12-07,2026-01-02,,False,,,
VCTR,polygon,1986,2018-02-08,2026-01-02,,False,,,
AEIS,polygon,2533,2015-12-07,2026-01-02,,False,,,
ARWR,polygon,2533,2015-12-07,2026-01-02,,False,,,
AGIO,polygon,2533,2015-12-07,2026-01-02,,False,,,
ZLAB,polygon,2083,2017-09-20,2026-01-02,,False,,,
ARGT,polygon,2533,2015-12-07,2026-01-02,,False,,,
ZD,polygon,2533,2015-12-07,2026-01-02,,False,,,
ACAD,polygon,2533,2015-12-07,2026-01-02,,False,,,
ALRM,polygon,2533,2015-12-07,2026-01-02,,False,,,
ABCB,polygon,2533,2015-12-07,2026-01-02,,False,,,
AMN,polygon,2533,2015-12-07,2026-01-02,,False,,,
AMX,polygon,2533,2015-12-07,2026-01-02,,False,,,
SNDX,polygon,2475,2016-03-02,2026-01-02,,False,,,
ARCB,polygon,2533,2015-12-07,2026-01-02,,False,,,
AEHR,polygon,2533,2015-12-07,2026-01-02,,False,,,
FOLD,polygon,2533,2015-12-07,2026-01-02,,False,,,
FVRR,polygon,1649,2019-06-13,2026-01-02,,False,,,
AQN,polygon,2533,2015-12-07,2026-01-02,,False,,,
AOSL,polygon,2533,2015-12-07,2026-01-02,,False,,,
ACMR,polygon,2052,2017-11-02,2026-01-02,,False,,,
DXC,polygon,2533,2015-12-07,2026-01-02,,False,,,
ALT,polygon,2163,2017-05-26,2026-01-02,,False,,,
BLMN,polygon,2533,2015-12-07,2026-01-02,,False,,,
ARDX,polygon,2533,2015-12-07,2026-01-02,,False,,,
GOLF,polygon,2307,2016-10-28,2026-01-02,,False,,,
ANGL,polygon,2533,2015-12-07,2026-01-02,,False,,,
AIN,polygon,2533,2015-12-07,2026-01-02,,False,,,
AEG,polygon,2533,2015-12-07,2026-01-02,,False,,,
ABM,polygon,2533,2015-12-07,2026-01-02,,False,,,
CNS,polygon,2533,2015-12-07,2026-01-02,,False,,,
NSA,polygon,2533,2015-12-07,2026-01-02,,False,,,
ADNT,polygon,2316,2016-10-17,2026-01-02,,False,,,
OTEX,polygon,2533,2015-12-07,2026-01-02,,False,,,
NMIH,polygon,2533,2015-12-07,2026-01-02,,False,,,
LGIH,polygon,2533,2015-12-07,2026-01-02,,False,,,
CDNA,polygon,2533,2015-12-07,2026-01-02,,False,,,
TALO,polygon,1923,2018-05-10,2026-01-02,,False,,,
APAM,polygon,2533,2015-12-07,2026-01-02,,False,,,
LEG,polygon,2533,2015-12-07,2026-01-02,,False,,,
SNEX,polygon,2533,2015-12-07,2026-01-02,,False,,,
AMPH,polygon,2533,2015-12-07,2026-01-02,,False,,,
APPN,polygon,2164,2017-05-25,2026-01-02,,False,,,
AOR,polygon,2533,2015-12-07,2026-01-02,,False,,,
FCEL,polygon,2533,2015-12-07,2026-01-02,,False,,,
GIII,polygon,2533,2015-12-07,2026-01-02,,False,,,
AIQ,polygon,1919,2018-05-16,2026-01-02,,False,,,
ARVN,polygon,1826,2018-09-27,2026-01-02,,False,,,
AIR,polygon,2533,2015-12-07,2026-01-02,,False,,,
SDGR,polygon,1485,2020-02-06,2026-01-02,,False,,,
ANIP,polygon,2533,2015-12-07,2026-01-02,,False,,,
SFIX,polygon,2041,2017-11-17,2026-01-02,,False,,,
SCVL,polygon,2533,2015-12-07,2026-01-02,,False,,,
LAUR,polygon,2243,2017-02-01,2026-01-02,,False,,,
ARI,polygon,2533,2015-12-07,2026-01-02,,False,,,
ANDE,polygon,2533,2015-12-07,2026-01-02,,False,,,
AHCO,polygon,1909,2018-05-31,2026-01-02,,False,,,
QNST,polygon,2533,2015-12-07,2026-01-02,,False,,,
BJRI,polygon,2533,2015-12-07,2026-01-02,,False,,,
BBBY,polygon,2533,2015-12-07,2026-01-02,,False,,,
CARS,polygon,2160,2017-06-01,2026-01-02,,False,,,
ARLO,polygon,1864,2018-08-03,2026-01-02,,False,,,
AMRX,polygon,1926,2018-05-07,2026-01-02,,False,,,
ARCO,polygon,2533,2015-12-07,2026-01-02,,False,,,
GOOS,polygon,2213,2017-03-16,2026-01-02,,False,,,
AMRC,polygon,2533,2015-12-07,2026-01-02,,False,,,
ANAB,polygon,2247,2017-01-26,2026-01-02,,False,,,
ADPT,polygon,1639,2019-06-27,2026-01-02,,False,,,
AMCX,polygon,2533,2015-12-07,2026-01-02,,False,,,
AHH,polygon,2533,2015-12-07,2026-01-02,,False,,,
APPS,polygon,2533,2015-12-07,2026-01-02,,False,,,
AIV,polygon,2533,2015-12-07,2026-01-02,,False,,,
AAT,polygon,2533,2015-12-07,2026-01-02,,False,,,
ARCT,polygon,2533,2015-12-07,2026-01-02,,False,,,
ALEX,polygon,2533,2015-12-07,2026-01-02,,False,,,
AQST,polygon,1871,2018-07-25,2026-01-02,,False,,,
AGRO,polygon,2533,2015-12-07,2026-01-02,,False,,,
ANGO,polygon,2533,2015-12-07,2026-01-02,,False,,,
ACB,polygon,2533,2015-12-07,2026-01-02,,False,,,
AIA,polygon,2533,2015-12-07,2026-01-02,,False,,,
ADTN,polygon,2533,2015-12-07,2026-01-02,,False,,,
ACRE,polygon,2533,2015-12-07,2026-01-02,,False,,,
ALLT,polygon,2533,2015-12-07,2026-01-02,,False,,,
ACEL,polygon,2101,2017-08-24,2026-01-02,,False,,,
DOMO,polygon,1888,2018-06-29,2026-01-02,,False,,,
ALDX,polygon,2533,2015-12-07,2026-01-02,,False,,,
ARKO,polygon,1622,2019-07-23,2026-01-02,,False,,,
AEVA,polygon,1471,2020-02-27,2026-01-02,,False,,,
EVTL,polygon,1298,2020-11-02,2026-01-02,,False,,,
ANGI,polygon,2533,2015-12-07,2026-01-02,,False,,,
ACVA,polygon,1201,2021-03-24,2026-01-02,,False,,,
AQMS,polygon,2533,2015-12-07,2026-01-02,,False,,,
ACP,polygon,2533,2015-12-07,2026-01-02,,False,,,
AFRM,polygon,1249,2021-01-13,2026-01-02,,False,,,
AKRO,polygon,1628,2019-06-20,2025-12-09,,False,,,
AIP,polygon,1050,2021-10-27,2026-01-02,,False,,,
ALHC,polygon,1199,2021-03-26,2026-01-02,,False,,,
ALKT,polygon,1187,2021-04-14,2026-01-02,,False,,,
ALE,polygon,2520,2015-12-07,2025-12-12,,False,,,
AMPL,polygon,1071,2021-09-28,2026-01-02,,False,,,
APP,polygon,1186,2021-04-15,2026-01-02,,False,,,
ARHS,polygon,1044,2021-11-04,2026-01-02,,False,,,
AOD,polygon,2533,2015-12-07,2026-01-02,,False,,,
ARKX,polygon,1197,2021-03-30,2026-01-02,,False,,,
ANSS,,0,,,,False,,,
AZEK,,0,,,,False,,,
